[{"model": "recipes.category", "pk": 1, "fields": {"name": "asian", "friendly_name": "Asian", "sku": "ra1"}}, {"model": "recipes.category", "pk": 2, "fields": {"name": "european", "friendly_name": "European", "sku": "ra2"}}, {"model": "recipes.category", "pk": 3, "fields": {"name": "maghreb_african", "friendly_name": "Maghreb & African", "sku": "ra3"}}, {"model": "recipes.category", "pk": 4, "fields": {"name": "north_american", "friendly_name": "North American", "sku": "ra4"}}, {"model": "recipes.category", "pk": 5, "fields": {"name": "south_american", "friendly_name": "South American", "sku": "ra5"}}, {"model": "recipes.category", "pk": 6, "fields": {"name": "vegetarian", "friendly_name": "Vegetarian", "sku": "rb1"}}, {"model": "recipes.category", "pk": 7, "fields": {"name": "vegan", "friendly_name": "Vegan", "sku": "rb2"}}, {"model": "recipes.category", "pk": 8, "fields": {"name": "gluten_free", "friendly_name": "Gluten Free", "sku": "rb3"}}, {"model": "recipes.category", "pk": 9, "fields": {"name": "unrestricted", "friendly_name": "Unrestricted", "sku": "rb4"}}, {"model": "recipes.category", "pk": 10, "fields": {"name": "breakfast", "friendly_name": "Breakfast", "sku": "rc1"}}, {"model": "recipes.category", "pk": 11, "fields": {"name": "lunch", "friendly_name": "Lunch", "sku": "rc2"}}, {"model": "recipes.category", "pk": 12, "fields": {"name": "dinner", "friendly_name": "Dinner", "sku": "rc3"}}, {"model": "recipes.category", "pk": 36, "fields": {"name": "aaa", "friendly_name": "aaa", "sku": ""}}, {"model": "recipes.category", "pk": 37, "fields": {"name": "abc", "friendly_name": "abc", "sku": ""}}, {"model": "recipes.tag", "pk": 1, "fields": {"tagname": "american"}}, {"model": "recipes.tag", "pk": 2, "fields": {"tagname": "asian"}}, {"model": "recipes.tag", "pk": 3, "fields": {"tagname": "australian"}}, {"model": "recipes.tag", "pk": 4, "fields": {"tagname": "beef"}}, {"model": "recipes.tag", "pk": 5, "fields": {"tagname": "caribbean"}}, {"model": "recipes.tag", "pk": 6, "fields": {"tagname": "chicken"}}, {"model": "recipes.tag", "pk": 7, "fields": {"tagname": "chinese"}}, {"model": "recipes.tag", "pk": 8, "fields": {"tagname": "english"}}, {"model": "recipes.tag", "pk": 9, "fields": {"tagname": "filipino"}}, {"model": "recipes.tag", "pk": 10, "fields": {"tagname": "fish"}}, {"model": "recipes.tag", "pk": 11, "fields": {"tagname": "indian"}}, {"model": "recipes.tag", "pk": 12, "fields": {"tagname": "japanese"}}, {"model": "recipes.tag", "pk": 13, "fields": {"tagname": "mediterannean"}}, {"model": "recipes.tag", "pk": 14, "fields": {"tagname": "mexican"}}, {"model": "recipes.tag", "pk": 15, "fields": {"tagname": "moroccan"}}, {"model": "recipes.tag", "pk": 17, "fields": {"tagname": "pork"}}, {"model": "recipes.tag", "pk": 19, "fields": {"tagname": "spinach"}}, {"model": "recipes.tag", "pk": 20, "fields": {"tagname": "tunisian"}}, {"model": "recipes.tag", "pk": 23, "fields": {"tagname": "french"}}, {"model": "recipes.tag", "pk": 32, "fields": {"tagname": "african"}}, {"model": "recipes.tag", "pk": 43, "fields": {"tagname": "niçoise"}}, {"model": "recipes.tag", "pk": 44, "fields": {"tagname": "burger"}}, {"model": "recipes.tag", "pk": 45, "fields": {"tagname": "pasta"}}, {"model": "recipes.tag", "pk": 46, "fields": {"tagname": "tacos"}}, {"model": "recipes.tag", "pk": 47, "fields": {"tagname": "duck"}}, {"model": "recipes.tag", "pk": 48, "fields": {"tagname": "soup"}}, {"model": "recipes.tag", "pk": 49, "fields": {"tagname": "steak"}}, {"model": "recipes.tag", "pk": 50, "fields": {"tagname": "provençal"}}, {"model": "recipes.tag", "pk": 51, "fields": {"tagname": "pizza"}}, {"model": "recipes.tag", "pk": 52, "fields": {"tagname": "curry"}}, {"model": "recipes.tag", "pk": 54, "fields": {"tagname": "aaa"}}, {"model": "recipes.tag", "pk": 55, "fields": {"tagname": "abc"}}, {"model": "recipes.recipe", "pk": 49, "fields": {"author": 15, "title": "Salade Niçoise", "intro": "The original, as described by Jaques Médecin, former Mayor of Nice!", "prep_time": "30min", "cook_time": "", "total_time": "30mins", "servings": 6, "directions": "<p>Quarter and liberally salt the tomatoes.</p>\r\n\r\n<p>Quarter the hard boiled eggs.</p>\r\n\r\n<p>Slice the anchovies lengthwise into 3 or 4 slivers per anchovy.</p>\r\n\r\n<p>Peel and finely slice the cucumber.</p>\r\n\r\n<p>Finely slice the green peppers into rings.</p>\r\n\r\n<p>Slice the onions along their length.</p>\r\n\r\n<p>Chop&nbsp;roughly the broad beans.</p>\r\n\r\n<p>Halve the garlic and rub it liberally into the bowl, then add all ingredients except the tomatoes.</p>\r\n\r\n<p>Remove the pips from the tomatoes and salt them once again, and then add them to the salad.</p>\r\n\r\n<p>Tear the basil roughly to bring out its flavour (do not use a knife for this). Mix the torn basil into the olive oil.</p>\r\n\r\n<p>Serve chilled, adding the dressing at the time of serving.</p>\r\n\r\n<p>(Source: Jacques M&eacute;decin&#39;s book,&nbsp;La Bonne Cuisine de Nice)</p>", "image": "salade-nicoise_BF50CU2.jpg", "image_credit": "Recipes and Deliveries", "date": "2021-08-05T17:43:27.945Z", "date_posted": "2021-08-05T17:43:27Z", "date_edited": "2021-08-17T16:21:07.525Z", "recipe_box": 2, "vote_count": 0, "mail_sent": false, "discount_code": "", "category": [2, 8, 9, 11], "tag": [23, 13, 43], "votes": []}}, {"model": "recipes.recipe", "pk": 113, "fields": {"author": 1, "title": "Chicken Adobo", "intro": "Filipino Chicken Adobo: The national dish of the Philippines may well become your new favourite Asian chicken dish!", "prep_time": "10 mins", "cook_time": "35 mins", "total_time": "45 mins", "servings": 4, "directions": "<p>Combine Chicken and Marinade ingredients in a bowl. Marinate for at least 20 minutes, or up to overnight.</p>\r\n\r\n<p>Heat 1 tbsp oil in a skillet over high heat. Remove chicken from marinade (reserve marinade) and place in the pan. Sear both sides until browned &ndash; about 1 minute on each side. Do not cook the chicken all the way through.</p>\r\n\r\n<p>Remove chicken skillet and set aside.</p>\r\n\r\n<p>Heat the remaining oil in skillet. Add garlic and onion, cook 1 1/2 minutes.</p>\r\n\r\n<p>Add the reserved marinade, water, sugar and black pepper. Bring it to a simmer then turn heat down to medium high. Simmer 5 minutes.</p>\r\n\r\n<p>Add chicken smooth side down. Simmer uncovered for 20 to 25 minutes (no need to stir), turning chicken at around 15 minutes, until the sauce reduces down to a thick jam-like syrup.</p>\r\n\r\n<p>If the sauce isn&#39;t thick enough, remove chicken onto a plate and let the sauce simmer by itself - it will thicken much quicker - then return chicken to the skillet to coat in the glaze.</p>\r\n\r\n<p>Coat chicken in glaze then serve over&nbsp;<a href=\"https://www.recipetineats.com/how-to-cook-rice/\">rice</a>. Pictured in post as a healthy dinner plate (415 calories) with&nbsp;<a href=\"https://www.recipetineats.com/cauliflower-fried-rice/\">cauliflower rice</a>&nbsp;and&nbsp;<a href=\"https://www.recipetineats.com/smashed-cucumber-salad/\">Ginger Smashed Cucumbers</a>.</p>\r\n\r\n<h5>Notes</h5>\r\n\r\n<p>Chicken thighs:&nbsp;do NOT substitute with breast. You need the fat in thighs in order for the sauce to reduce down to a glaze. Can also use bone in thighs, wings or drumsticks (add 3/4 cup water and simmer 30 minutes).The best way to achieve the closest result with chicken breast is to add 2 tbsp of any oil to the sauce, take the chicken out once cooked and reduce the sauce right down to become jammy, then smear it on the breast.</p>\r\n\r\n<p>Soy sauce:&nbsp;use all purpose or light soy sauce. Do not use dark soy sauce - bottle will be labelled as such if it is. Dark soy is too intense for this sauce once reduced.You probably won&#39;t need all the sauce because it is very strong in flavour. Save the leftovers and use it to make fried rice! It is perfect because it is so strong in flavour so a little bit goes a long way. I used it to make a fried rice with leftover Filipino Chicken Adobo and chopped Asian greens. No other flavourings required!</p>\r\n\r\n<p>(Source:&nbsp;<a href=\"https://www.recipetineats.com/filipino-chicken-adobo-flavour-kapow/#wprm-recipe-container-25742\">Chicken Adobo</a>)</p>", "image": "adobo_bjPgyzL.jpg", "image_credit": "Jack Lawrence - https://www.flickr.com/photos/aceofknaves/33374361143/", "date": "2021-08-11T11:49:19.740Z", "date_posted": "2021-08-11T11:49:19Z", "date_edited": "2021-08-16T09:29:44.262Z", "recipe_box": 1, "vote_count": 0, "mail_sent": false, "discount_code": "", "category": [1, 9, 11, 12], "tag": [2, 6, 9], "votes": []}}, {"model": "recipes.recipe", "pk": 114, "fields": {"author": 1, "title": "Chorba", "intro": "This delicious, satisfying soup is an absolute staple on every Tunisian dinner table. It is well loved any time of year but especially during the Ramadan month of fasting.", "prep_time": "45 mins", "cook_time": "45 mins", "total_time": "1 hr 30 mins", "servings": 6, "directions": "<p>In a deep saucepan add the oil, the chopped onion, the chicken pieces, the tomato concentrate and the spices.</p>\r\n\r\n<p>Bring up to a good heat and then add 2 litres hot water.</p>\r\n\r\n<p>Leave on a high simmer for 45 minutes, covered.</p>\r\n\r\n<p>15 minutes into the simmering, add the frik.</p>\r\n\r\n<p>10 minutes later, add the carrot and the celery.</p>\r\n\r\n<p>5 minutes before it is ready, add the garlic and the parsley.</p>\r\n\r\n<p>Serve hot and squeeze the lemon over the soup.</p>\r\n\r\n<h5>Notes</h5>\r\n\r\n<p>Eat with crusty french bread!</p>\r\n\r\n<p>(Source:&nbsp;<a href=\"http://www.latunisienne.fr/blog/2012/06/04/chorba-tunisienne/\">Chorba tunisienne</a>)</p>", "image": "chorba_nSsKJZc.jpg", "image_credit": "recipesanddeliveries", "date": "2021-08-11T13:18:31.842Z", "date_posted": "2021-08-11T13:18:31Z", "date_edited": "2021-08-16T09:31:28.347Z", "recipe_box": 3, "vote_count": 0, "mail_sent": false, "discount_code": "", "category": [3, 8, 9, 11, 12], "tag": [6, 20], "votes": []}}, {"model": "recipes.recipe", "pk": 115, "fields": {"author": 1, "title": "Recipes and Deliveries Hamburger and Fries", "intro": "Inspired by the Open Range Grill, Ogallala, NE, this is a burger fit for real cowboys and girls!", "prep_time": "25 mins", "cook_time": "15 mins", "total_time": "40", "servings": 2, "directions": "<p>Cut the potatoes into fries, rinse them to remove starch and allow to soak in fresh water for 30 mins.</p>\r\n\r\n<p>Slice all the vegetables.</p>\r\n\r\n<p>Divide the steak mince into 2 portions and flatten and press into beef patties.</p>\r\n\r\n<p>Fry the potatoes in an airfryer for 5 mins at 140&deg;C, then open drawer and allow to cool. When cool, return the fries to the airfryer and fry for 10 minutes at 180&deg;C.</p>\r\n\r\n<p>While the potatoes are cooking, grill the beef patties in a hot gril for a couple of minutes each side. If using good steak mince, you can decide on the done level, otherwise, ensure that the patties are well cooked.</p>\r\n\r\n<p>While the patties are grilling, toast the burger buns for a minute or 2.</p>\r\n\r\n<p>Combine all the ingredients into the bun, except the fries, which are served on the side.</p>\r\n\r\n<p>(Source:&nbsp;<a href=\"https://www.openrangeogallala.com/burgers\">Renegade Burger</a>)</p>", "image": "burger_ejVjZvK.jpg", "image_credit": "Hongreddotbrewhouse", "date": "2021-08-11T13:47:45.982Z", "date_posted": "2021-08-11T13:47:45Z", "date_edited": "2021-08-16T09:33:33.687Z", "recipe_box": 4, "vote_count": 0, "mail_sent": false, "discount_code": "", "category": [4, 9, 11, 12], "tag": [1, 4, 44], "votes": []}}, {"model": "recipes.recipe", "pk": 116, "fields": {"author": 1, "title": "Bistec a la Mexicana", "intro": "Bistec à la Mexicana is one of those simple and very traditional beef dishes prepared in many Mexican homes. Thin-sliced beef in a fresh and zesty tomato sauce. Perfect with rice or warm tortillas!", "prep_time": "15 mins", "cook_time": "35 mins", "total_time": "50 mins", "servings": 4, "directions": "<p>Mix the salt, pepper and garlic powder. Season the steak pieces and stir to coat evenly. Set aside.</p>\r\n\r\n<p>In a large skillet, preheat 2-3 tablespoons of oil to medium heat for 2-3 minutes.</p>\r\n\r\n<p>Sear the beef on all sides, stirring as needed, about 10 minutes. Add the onions, the garlic cloves and 1/2 of the slices of serranos. Add a pinch of salt and pepper. Saute for 2-3 minutes.</p>\r\n\r\n<p>Add 3/4 of the diced tomatoes and Maggi sauce. Stir well to combine. Add another pinch of salt and pepper. Cover and reduce heat slightly.</p>\r\n\r\n<p>Transfer the remaining diced tomato to the blender. Add 1/3 cup of water, oregano and a pinch of salt. Blend on high until smooth. Pour into skillet. Stir well to combine. When it comes to a simmer, taste for seasoning. Cover and continue cooking at a low simmer for 25 minutes. If it&#39;s too dry-looking, you could add a little more water. Garnish with remaining slices of serranos and chopped cilantro before serving.</p>\r\n\r\n<h5>Notes</h5>\r\n\r\n<p>For easier slicing, place the meat in the freezer for an hour. If you prefer a smoother sauce, you can blend the onions, garlic and serranos with all the tomatoes listed in the recipe. Cook as directed.</p>\r\n\r\n<p>(Source:&nbsp;<a href=\"http://hispanickitchen.com/recipes/bistec-a-la-mexicana-braised-beef/\">Bistec &agrave; la Mexicana</a>)</p>", "image": "bistec_ZNHMwcY.jpg", "image_credit": "recipesanddeliveries", "date": "2021-08-11T13:58:12.668Z", "date_posted": "2021-08-11T13:58:12Z", "date_edited": "2021-08-16T09:29:14.390Z", "recipe_box": 5, "vote_count": 0, "mail_sent": false, "discount_code": "", "category": [4, 8, 9, 11, 12], "tag": [1, 4, 14], "votes": []}}, {"model": "recipes.recipe", "pk": 117, "fields": {"author": 1, "title": "Avocado Penne", "intro": "This Avocado Pasta with Herbs is so colorful, flavorful and healthy. It’s also easy to whip up in just 15 minutes, using only your food processor (and boiling the noodles). No other cooking required!", "prep_time": "10 mins", "cook_time": "5 mins", "total_time": "15 mins", "servings": 4, "directions": "<p>In a large pot, cook pasta according to package directions, to al dente. Drain. Transfer pasta back into pot and set aside. Do not rinse.</p>\r\n\r\n<p>Meanwhile (while cooking the noodles), in a food processor, add lemon juice, olive oil, minced garlic, avocados, basil, parsley, almond milk, sea salt, black pepper, crushed red pepper and nutritional yeast (if desired). Process until smooth and creamy. Note: you may need to stop and stir the sauce and blend again if ingredients get stuck to the side.</p>\r\n\r\n<p><img alt=\"2 images showing the ingredients for avocado pasta sauce blended in a food processor.\" src=\"https://veggiechick.com/wp-content/uploads/2020/04/Avocado-Pasta-with-Herbs-16-300x227.jpg\" style=\"height:227px; width:300px\" /></p>\r\n\r\n<p>Add pasta to a large bowl. Then add the avocado sauce to the pasta and stir to blend well. The pasta will warm the sauce slightly, or you can heat over low heat on the stove until desired temperature (this pasta can also be eaten cold).</p>\r\n\r\n<p><img alt=\"2 photos showing before and after of combining avocado pasta sauce with penne pasta.\" src=\"https://veggiechick.com/wp-content/uploads/2020/06/Avocado-Pasta-with-Herbs-18-300x227.jpg\" style=\"height:227px; width:300px\" /></p>\r\n\r\n<p>Top with cherry tomatoes and serve immediately (see notes below for storage instructions). This recipe makes 4 small servings (about 1 cup each). Add additional sea salt (Fleur de sel French salt is recommended), red pepper flakes, and/or nutritional yeast before serving, if desired.&nbsp;</p>\r\n\r\n<p><img alt=\"A white bowl filled with avocado penne pasta topped with cherry tomatoes.\" src=\"https://veggiechick.com/wp-content/uploads/2015/05/Avocado-Pasta-with-Herbs-RECIPE-CARD-300x200.jpg\" style=\"height:200px; width:300px\" /></p>\r\n\r\n<h5>Notes</h5>\r\n\r\n<p><strong>Storage Instructions:&nbsp;</strong>Avocado tends to brown pretty quickly when exposed to air. It&rsquo;s best to serve this immediately, if possible. However, you can store for a few hours (or overnight) using this method:</p>\r\n\r\n<p><strong>1.</strong>&nbsp;Add the pasta to a resealable glass or plastic container.</p>\r\n\r\n<p><strong>2.</strong>&nbsp;Cover the pasta with wax or parchment paper and press down so it&rsquo;s flat and there is as little air touching the pasta as possible.</p>\r\n\r\n<p><strong>3.</strong>&nbsp;Over the paper, add the top of the container and seal. See photo in post for example. Basically, the less air that touches the avocado sauce, the better, and the sauce will last longer without browning.&nbsp;</p>\r\n\r\n<p>*The garlic cloves used in this recipe are not going to be cooked, so if you don&rsquo;t love garlic, err on the side of less.</p>\r\n\r\n<p>This dish makes about 4 cups pasta, roughly 1 cup per person. Because of the high fat content, it&rsquo;s recommended to have this pasta with a side salad or other healthy side dish for a fuller meal.&nbsp;</p>\r\n\r\n<p>(Source:&nbsp;<a href=\"https://veggiechick.com/avocado-cream-penne-herbs-vegan/\">Avocado Penne</a>)</p>", "image": "avocado-penne_OtJtzfd.jpg", "image_credit": "https://veggiechick.com/avocado-cream-penne-herbs-vegan/", "date": "2021-08-11T14:10:56.459Z", "date_posted": "2021-08-11T14:10:56Z", "date_edited": "2021-08-16T09:28:18.570Z", "recipe_box": 6, "vote_count": 0, "mail_sent": false, "discount_code": "", "category": [2, 6, 7, 8, 9, 11, 12], "tag": [13, 45], "votes": []}}, {"model": "recipes.recipe", "pk": 118, "fields": {"author": 1, "title": "Buffalo Cauliflower Tacos", "intro": "These Buffalo Cauliflower Tacos are baked until crispy and loaded with spicy red-hot flavor. Top them with a little vegan ranch dressing and additional hot sauce, and you’ll have yourself an absolutely addicting meal.", "prep_time": "15 mins", "cook_time": "35 mins", "total_time": "50 mins", "servings": 4, "directions": "<p>Preheat oven to 220&deg;C. Prepare a large baking pan covered with parchment paper.</p>\r\n\r\n<p>In a medium bowl, add the butter, almond milk, hot sauce, and maple syrup. Stir with a whisk until blended. Add the garlic powder, paprika, and nutritional yeast. Next slowly add the all purpose flour, while whisking, until blended.</p>\r\n\r\n<p>Prepare a dinner plate (or cutting board) with the panko breadcrumbs laid out in a thin layer.</p>\r\n\r\n<p>Add all of the cauliflower florets to the bowl of sauce and stir with a large spoon until thoroughly coated with sauce. Remove each cauliflower floret from the bowl, one by one, (shake excess sauce if necessary), and roll in the panko breadcrumbs to coat (**see pro tip for this step below). Place each floret in an even layer on the baking sheet. The cauliflower should not be touching.</p>\r\n\r\n<p>Bake for 30-35 minutes or until cooked throughout and crispy. Remove from heat.</p>\r\n\r\n<p>To assemble the tacos, heat the white corn tortillas on a large dry skillet on both sides until warm. I usually do this in batches of 2. When ready, add a few pieces of baked cauliflower, and top with chopped green onions and red cabbage. Drizzle a little more Frank&rsquo;s Red Hot and vegan ranch dressing, if desired.</p>\r\n\r\n<p>This recipe makes 4 servings (2 tacos each). **Best served immediately. You can store in an airtight container in the fridge. To reheat, add cauliflower to a baking sheet covered in parchment paper, and bake at 200&deg;C&nbsp;for 10-12 minutes, until warm.</p>\r\n\r\n<h5>Notes</h5>\r\n\r\n<p>*When cutting the cauliflower head, cut florets into bite-size pieces. Think about how big each piece will be when baked (note: they will be a little bigger after you add the sauce and breadcrumbs) and adjust size to your preference and how they will best fit in the tacos. I usually cut mine into 1 inch x 1 inch florets.&nbsp;</p>\r\n\r\n<p><em>Pro Tip:&nbsp;</em>Use one hand to grab each piece of cauliflower out of the sauce, and the other (dry) hand to sprinkle the breadcrumbs on top and then roll the cauliflower. If you use the same hand to do both, the sauce will stick to your hands, then the breadcrumbs will stick to your hands, causing you to have to wash your hands a couple times during this process. Not ideal!</p>\r\n\r\n<p>If using a convection oven, reduce heat to 220&deg;C&nbsp;and cook for 30-35 minutes.</p>\r\n\r\n<h5>Substitutions/Additions:</h5>\r\n\r\n<p>Try these buffalo cauliflower tacos topped with some<a href=\"https://veggiechick.com/almost-famous-guacamole/\">&nbsp;guacamole</a>.</p>\r\n\r\n<p>You can substitute the panko breadcrumbs with regular (although they won&rsquo;t be quite as crispy). Or if desired, use gluten-free panko breadcrumbs.</p>\r\n\r\n<p>I use unsweetened almond milk for the sauce, but any thicker unsweetened plant milk will work- such as soy, cashew, oat or flax. However, I wouldn&rsquo;t use rice milk as it would be too thin.</p>\r\n\r\n<p>My favorite toppings are chopped green onions and crunchy red cabbage, but you could try thinly sliced red bell pepper, diced jalape&ntilde;os, chopped lettuce, or cherry tomatoes. Or drizzle a bit of lime juice or add some chopped cilantro on top. There are so many options!</p>\r\n\r\n<h5>Air Fryer Instructions:<strong>&nbsp;</strong></h5>\r\n\r\n<p>After coating with breadcrumbs, add to your air fryer at 200&deg;C for 10 minutes.</p>\r\n\r\n<p>(Source:&nbsp;<a href=\"https://veggiechick.com/buffalo-cauliflower-tacos/\">Buffalo Cauliflower Tacos</a>)</p>", "image": "buffalo-cauliflower-tacos_4SoguSH.jpg", "image_credit": "Veggie Chick - https://veggiechick.com/buffalo-cauliflower-tacos/", "date": "2021-08-11T14:22:24.763Z", "date_posted": "2021-08-11T14:22:24Z", "date_edited": "2021-08-16T09:29:26.890Z", "recipe_box": 7, "vote_count": 0, "mail_sent": false, "discount_code": "", "category": [2, 7, 8, 9, 11, 12], "tag": [46], "votes": []}}, {"model": "recipes.recipe", "pk": 119, "fields": {"author": 1, "title": "Duck Breasts with Sweet Chilli Tomato Jam", "intro": "The king of meats - duck - combined with the sweet but sharp zing of a spicy tomato jam is a combination made in heaven!", "prep_time": "5 mins", "cook_time": "25 mins", "total_time": "30 mins", "servings": 2, "directions": "<p>Pre-heat the oven to 180&deg;C, fan 160&deg;C, gas mark 4.</p>\r\n\r\n<p>Score the fat on each duck breast and season well, then place the duck breasts skin side down into a large frying pan (without oil) on a medium heat and cook for about 8 minutes until the fat has rendered out and the skin has gone golden brown and crispy.</p>\r\n\r\n<p>Turn the duck breasts over briefly to seal the flesh side, and then transfer to a roasting dish and place in the oven for 8 minutes.</p>\r\n\r\n<p>Whilst the duck is roasting, pour away the fat from the frying pan and add 2tbsp of water and the sugar and bring to the boil. Add the garlic and chilli and continue to boil until it starts to thicken. Add the tomatoes and vinegar and cook for a further 2 minutes, season to taste and set aside.</p>\r\n\r\n<p>Leave the duck breasts to rest for five minutes before carving, then arrange onto a plate, add the creme fraiche on top, drizzle over the chill jam and garnish with the fresh coriander.</p>\r\n\r\n<p>Serve with a baby spinach and watercress salad.</p>\r\n\r\n<p>(Source:&nbsp;<a href=\"https://www.gressinghamduck.co.uk/recipes/duck-breasts-with-sweet-chilli-tomato-jam/\">Duck Breasts with Sweet Chilli Tomato Jam</a>)</p>", "image": "duck-breasts-with-sweet-chilli-tomato-jam_kPFtl2G.jpg", "image_credit": "recipesanddeliveries", "date": "2021-08-11T14:27:43.824Z", "date_posted": "2021-08-11T14:27:43Z", "date_edited": "2021-08-16T09:32:17.234Z", "recipe_box": 8, "vote_count": 0, "mail_sent": false, "discount_code": "", "category": [2, 8, 9, 12], "tag": [47], "votes": []}}, {"model": "recipes.recipe", "pk": 120, "fields": {"author": 1, "title": "Jerusalem Artichoke and Spinach Soup", "intro": "A warming year-round soup that is both quick and easy to prepare!", "prep_time": "45 mins", "cook_time": "30 mins", "total_time": "1 hr 15 mins", "servings": 3, "directions": "<p>Melt butter in a roomy pan, fry the onion until transparent but not brown<br />\r\nStir in the artichokes. Sweat the vegetables, covered, shaking from time to time, for about 10 minutes.</p>\r\n\r\n<p>Pour in the stock and add pepper and salt plus some freshly ground nutmeg to taste (about half a nutmeg). Bring to boil and reduce heat, simmer gently, stirring often, for about 20-25 minutes, or until artichokes are really soft.</p>\r\n\r\n<p>Rinse spinach leaves and discard stems. Add to soup and remove pan from hob (the spinach will cook in the residual heat, and will retain its colour).</p>\r\n\r\n<p>Allow to cool a little, then reduce soup to pur&eacute;e. Stir in the milk (or water) and then reheat gently without boiling.&nbsp;</p>\r\n\r\n<p>Serve hot, with slivered hazelnuts sprinkled on top.</p>\r\n\r\n<p>(Source:&nbsp;<a href=\"https://recipeas-and-greens.herokuapp.com/recipe/60564d27d1ba809105e27448\">Jerusalem Artichoke and Spinach Soup</a>)</p>", "image": "jerusalem-artichoke-and-spinach-soup_mEntJla.jpg", "image_credit": "recipesanddeliveries", "date": "2021-08-11T14:33:27.949Z", "date_posted": "2021-08-11T14:33:27Z", "date_edited": "2021-08-16T09:32:45.284Z", "recipe_box": 9, "vote_count": 0, "mail_sent": false, "discount_code": "", "category": [2, 6, 8, 9, 11], "tag": [48], "votes": []}}, {"model": "recipes.recipe", "pk": 121, "fields": {"author": 1, "title": "Moroccan Shepherds Pie", "intro": "Nutritious, warming and interesting. This Moroccan take on a traditional British staple will leave you yearning for more.", "prep_time": "10 mins", "cook_time": "1 hour", "total_time": "1 hour 10 mins", "servings": 2, "directions": "<p>Boil the potatoes until cooked, drain, add the turmeric and mash adding butter and milk to make a smooth mash</p>\r\n\r\n<p>Meanwhile heat the oil and cook the shallots and garlic until softened</p>\r\n\r\n<p>Add the mince to the pan and cook until it changes colour.</p>\r\n\r\n<p>Add the spices, wine, tomato pur&eacute;e and seasoning if wanted</p>\r\n\r\n<p>Simmer for 15 minutes</p>\r\n\r\n<p>Add the olives and coriander then transfer to an ovenproof dish.</p>\r\n\r\n<p>Spoon the potato topping onto it</p>\r\n\r\n<p>Bake in an oven at 200&deg;C for 20 mins</p>\r\n\r\n<p>Toss the chunks of bread in some olive oil and sprinkle them over the surface of the potato.</p>\r\n\r\n<p>Drizzle with oil and a little butter.</p>\r\n\r\n<p>Return to oven for 15,to 20 minutes until sizzling and golden.</p>\r\n\r\n<p>(Source:&nbsp;<a href=\"https://recipeas-and-greens.herokuapp.com/recipe/60609083e4bcc9da33e735f0\">Moroccan Shepherds Pie</a>)</p>", "image": "moroccan-shephards-pie_qYEjR10.jpg", "image_credit": "irrational cat, CC BY-SA 2.0, via Wikimedia Commons", "date": "2021-08-11T15:05:51.190Z", "date_posted": "2021-08-11T15:05:51Z", "date_edited": "2021-08-16T09:33:00.551Z", "recipe_box": 10, "vote_count": 0, "mail_sent": false, "discount_code": "", "category": [2, 3, 8, 9, 11], "tag": [15], "votes": []}}, {"model": "recipes.recipe", "pk": 122, "fields": {"author": 1, "title": "Rib Eye Steak and Feu Giratoire Salad", "intro": "A great cut of beef surrounded by a bed of coloured lights!", "prep_time": "15 mins", "cook_time": "30 mins", "total_time": "45 mins", "servings": 2, "directions": "<p>Heat the oven to max temp.</p>\r\n\r\n<p>While oven is warming up, prepare the salads:<br />\r\nCoat each pepper with olive oil and set aside until oven is hot.<br />\r\nFinely chop and mix together the parsley and garlic and set aside.<br />\r\nPrepare a bed of crunchy salad to go underneath the steaks.</p>\r\n\r\n<p>When oven is hot, place the peppers inside and roast for 15 minutes before turning over and roasting for another 15 minutes.<br />\r\nRemove the peppers from the oven, place in a bag and cool them quickly in the freezer for 15 minutes.<br />\r\nOnce cool, remove from freezer and scrape off the skin, remove the seeds and stalk and slice the peppers, keepin each one separate.</p>\r\n\r\n<p>For the steak:<br />\r\nWhile the peppers are cooling, rub the steaks with the salt, pepper and oregano.<br />\r\nHeat a pan with a knob of butter and fry the steaks on high heat for a minute each side. Then reduce heat and leave steaks to warm inside.<br />\r\nOnce done, set steaks aside for 5 minutes.</p>\r\n\r\n<p>Lay the steaks on the bed of salad.</p>\r\n\r\n<p>Line the bed of salad with the red, yellow and green roasted peppers. Dress the peppers with the chopped parsley and garlic mix.</p>\r\n\r\n<h5>Notes</h5>\r\n\r\n<p>Great with new spuds.<br />\r\nRub a little horseradish sauce on each side of the steak when set on the salad. If the horseradish sauce is freshly opened, mix it with a little sour cream to stop the sauce over-powering the salad flavours.</p>\r\n\r\n<p>(Source:&nbsp;<a href=\"https://recipeas-and-greens.herokuapp.com/recipe/607f298a90913d8204d93db8\">Rib Eye Steak and Feu Giratoire Salad</a></p>", "image": "rib-eye-steak-feu-giratoire-salad_oIaGPWK.jpg", "image_credit": "recipesanddeliveries", "date": "2021-08-11T15:13:50.114Z", "date_posted": "2021-08-11T15:13:50Z", "date_edited": "2021-08-16T09:33:48.182Z", "recipe_box": 11, "vote_count": 0, "mail_sent": false, "discount_code": "", "category": [2, 4, 8, 9, 12], "tag": [1, 4, 49], "votes": []}}, {"model": "recipes.recipe", "pk": 123, "fields": {"author": 1, "title": "Fish'n'Chips & Minted Mushy Peas", "intro": "The traditional British take away. Recipes and Deliveries supply all the ingredients... its up to you if you serve it on a bed of old newspaper!", "prep_time": "10 mins", "cook_time": "25 mins", "total_time": "35 mins", "servings": 4, "directions": "<p>For the batter, pour the beer into a large mixing bowl and gently whisk in the flour until you get a smooth and silky consistency (you may need to add more or less flour). Add cayenne, soy sauce and seasoning. Leave in the fridge till ready to use. This can be made an hour before needed.</p>\r\n\r\n<p>To prepare the peas, heat half the butter in a saucepan and gently cook the onion until soft but not coloured. Add the peas, vegetable stock (a good quality cube is fine) and mint leaves and simmer for 10 minutes. Blend in a food processor, taking care to prevent it from becoming too smooth. Season. You can also prepare this in advance. Just before serving, reheat the peas and stir in the remaining butter.</p>\r\n\r\n<p>For the chips, peel the potatoes and cut chips 1&frac12;cm wide and 7cm long. Wash the chips in water, drain on kitchen paper and pat dry. Pour the oil into a heavy-bottomed saucepan or deep fat fryer.</p>\r\n\r\n<p>Heat to 120&deg;C. If using a heavy-bottomed saucepan, please be careful as the oil will be very hot. Blanch the chips, 2 or 3 handfuls at a time, until they are soft but not coloured. You can test them with a knife by carefully removing one while cooking to see if it is soft. Once ready, remove and drain.</p>\r\n\r\n<p>Turn up the deep fat fryer to 160&deg;C. Season and lightly flour the fish, dip into the batter and fry in the hot fat. This will take about 8 minutes. Drain and keep warm. Re-fry the chips until crisp. Season lightly with salt. Spoon the mushy peas onto plates, place the fish on top and serve chips on the side.</p>\r\n\r\n<p>(Source:&nbsp;<a href=\"http://www.theguardian.com/lifeandstyle/2015/oct/07/20-best-british-recipes-part-3-fish-and-chips-crab-hotpot-roast-pork\">Fish and chips and minted mushy peas</a>)</p>", "image": "fish-n-chips-mushy-peas_dp2CakZ.jpg", "image_credit": "Valeria Boltneva from Pexels: https://www.pexels.com/photo/fried-meat-beside-sliced-lemon-and-white-mustard-1123250/", "date": "2021-08-11T15:23:14.861Z", "date_posted": "2021-08-11T15:23:14Z", "date_edited": "2021-08-16T09:32:30.423Z", "recipe_box": 12, "vote_count": 0, "mail_sent": false, "discount_code": "", "category": [2, 9, 12], "tag": [8, 10], "votes": []}}, {"model": "recipes.recipe", "pk": 124, "fields": {"author": 1, "title": "Daube de Boeuf Provençal", "intro": "Daube: A classic Provençal (or more broadly, French) stew made with stewing steak braised in wine, vegetables, garlic, and herbes de Provence.", "prep_time": "24 hours", "cook_time": "3 to 4 hours", "total_time": "27 to 28 hours", "servings": 8, "directions": "<p>Place the cinnamon stick, orange zest, bay leaf, thyme, parsley, peppercorns, cloves, and celery leaves onto a single layer of cheesecloth. Tie the cheesecloth up to make a bouquet garni, and set it aside.</p>\r\n\r\n<p>Gently toss together the celery, onions, garlic, carrots, beef, bacon, and bouquet garni in a large, non-reactive dish. Pour the wine and Cognac over the mixture and refrigerate it for 12 to 24 hours.</p>\r\n\r\n<p>Preheat the oven to 160&deg;C. Remove the beef from the vegetables &ndash; reserving the vegetable mixture - and allow it to drain onto clean kitchen towels. Heat the oil in a large skillet over medium-high heat. Toss the beef with the flour and brown it in the hot oil. Remove the beef from the skillet and deglaze the pan with the beef stock and tomato paste, scraping up the browned bits from the bottom of the pan.</p>\r\n\r\n<p>Combine the beef, pan sauce, olives, salt, and the vegetable-wine mixture in a large ovenproof dish and cover. Braise the beef for 2 1/2 to 3 hours, until the beef is tender. Check to see if there is too much liquid in the pan about 2 hours into the cooking time. If you want a thicker stew, remove the lid for the remainder of the cooking time.</p>\r\n\r\n<p>Cook the rice according to package directions. Remove the bouquet garni and serve the stew, garnished with the chopped parsley, over hot, cooked rice.</p>\r\n\r\n<p>This daube de boeuf Provencal recipe makes 6-8 servings.</p>\r\n\r\n<p>(Source: <a href=\"http://frenchfood.about.com/od/maindishes/r/daubeprov.htm\">Duabe de boeuf proven&ccedil;al</a>)</p>", "image": "daube-de-boeuf-provencal_Q3X7t1R.jpg", "image_credit": "https://www.marmiton.org/recettes/recette_daube-de-boeuf-facile_30415.aspx", "date": "2021-08-11T15:36:07.106Z", "date_posted": "2021-08-11T15:36:07Z", "date_edited": "2021-08-16T09:31:53.376Z", "recipe_box": 13, "vote_count": 0, "mail_sent": false, "discount_code": "", "category": [2, 8, 9, 12], "tag": [4, 23, 50], "votes": []}}, {"model": "recipes.recipe", "pk": 125, "fields": {"author": 1, "title": "Pepperoni, mozzarella, olive and basil pizza", "intro": "Get dinner on the table in a jiffy with this easy pizza recipe. Versatile and quick, this is a pizza recipe that can cater to all tastes.", "prep_time": "10 mins", "cook_time": "15 mins", "total_time": "25 mins", "servings": 4, "directions": "<p>Preheat the oven to 220˚C</p>\r\n\r\n<p>Lightly grease a pizza tray by spraying it with olive oil.</p>\r\n\r\n<p>Spread the pizza base with the tomato paste and scatter grated mozzarella over the top.</p>\r\n\r\n<p>Scatter pepperoni and place the pizza in the oven for 10 - 12 minutes, until cheese is melted.</p>\r\n\r\n<p>Remove the pizza from the oven and add, olives, basil leaves and parmesan.</p>\r\n\r\n<p>Cut into wedges and serve immediately!</p>\r\n\r\n<p>(Source:&nbsp;<a href=\"https://www.kidspot.com.au/kitchen/recipes/pepperoni-mozzarella-olive-basil-pizza/v7e2n4rb\">Pepperoni, mozzarella, olive and basil pizza</a>)</p>", "image": "pepperoni-olive-basil-pizza_1nm8rGA.jpg", "image_credit": "https://www.kidspot.com.au/kitchen/recipes/pepperoni-mozzarella-olive-basil-pizza/v7e2n4rb", "date": "2021-08-11T15:42:42.163Z", "date_posted": "2021-08-11T15:42:42Z", "date_edited": "2021-08-16T09:33:17.857Z", "recipe_box": 26, "vote_count": 0, "mail_sent": false, "discount_code": "", "category": [2, 9, 11, 12], "tag": [51], "votes": []}}, {"model": "recipes.recipe", "pk": 126, "fields": {"author": 1, "title": "Creamy Chicken Curry", "intro": "This quick and easy chicken curry is creamy, full of flavour and takes less than half an hour!", "prep_time": "30 mins", "cook_time": "30 mins", "total_time": "1 hours", "servings": 4, "directions": "<p>Thinly slice the spring onions, reserving a handful of the sliced green parts for garnish. Peel and chop the garlic. Heat the oil in a large saucepan over a medium heat and cook the spring onions and garlic for a few minutes. Add the tomatoes, curry powder and ground ginger and cook for 3-4 minutes. If the pan gets dry add a splash of water and make sure the spices don&#39;t burn.</p>\r\n\r\n<p>Add the chicken and cook for 5 minutes. Make sure all the chicken is coated and is beginning to brown on the sides.</p>\r\n\r\n<p>Add 250ml/9fl oz water and bring to the boil. Reduce to a medium to low heat and cook for 10-15 minutes, or until the chicken is cooked through with no sign of pink juices in the middle of the pieces.</p>\r\n\r\n<p>While the chicken is cooking, prepare the rice. Pour the rice into a saucepan and rinse it under the cold tap to take away any cloudy starch. Drain the cloudy water away. Add clean water for cooking the rice. You need almost twice as much water as rice. (If you use a mug of rice, add a little less than two mugs of water). Bring to the boil then reduce the heat to a low simmer. Cover with a lid and cook very gently for 10 minutes. Remove from the heat and leave to stand with the lid on for 10 minutes. This will finish cooking the rice. Keeping the lid on is important, so none of the steam escapes.</p>\r\n\r\n<p>Take the curry off the heat, stir in the yoghurt then season with salt and pepper. Serve the curry with the rice and garnish with a drizzle of yoghurt.</p>\r\n\r\n<h5>Notes</h5>\r\n\r\n<p>The secret to the rice is leaving it to steam with the lid on after you take it off the heat.</p>\r\n\r\n<p>(Source:&nbsp;<a href=\"https://www.bbc.co.uk/food/recipes/simple_chicken_curry_95336\">Creamy chicken curry</a>)</p>", "image": "chicken-curry_FefrB0j.jpg", "image_credit": "https://www.bbc.co.uk/food/recipes/simple_chicken_curry_95336", "date": "2021-08-11T16:36:20.370Z", "date_posted": "2021-08-11T16:36:20Z", "date_edited": "2021-08-16T09:31:41.254Z", "recipe_box": 27, "vote_count": 0, "mail_sent": false, "discount_code": "", "category": [1, 9, 11, 12], "tag": [2, 6, 7, 52, 9, 11], "votes": []}}, {"model": "recipes.recipe", "pk": 127, "fields": {"author": 1, "title": "Meatballs with cherry tomato sauce", "intro": "Get dinner on the table in under half an hour with this quick meatballs recipe. Using tinned cherry tomatoes gives the pasta sauce a fresh and sweet flavour.", "prep_time": "30 mins", "cook_time": "30 mins", "total_time": "30 mins", "servings": 2, "directions": "<p>For the meatballs, put all of the meatball ingredients, apart from the oil, in a bowl. Season with salt and pepper, then use your hands to thoroughly mix everything together. Divide the mixture into 10 evenly sized pieces and roll each piece into a ball, then flatten slightly so they will cook more quickly.</p>\r\n\r\n<p>Heat the olive oil in a large frying pan over a medium heat then add the meatballs and fry for 5-6 minutes, turning once or twice, or until golden-brown on both sides and cooked through.</p>\r\n\r\n<p>For the sauce, heat the olive oil in a saucepan over a medium heat, add the garlic and chilli and fry for 1 minute. Tip in the tomatoes, increase the heat to high, and simmer for 5 minutes to reduce slightly then season with salt and pepper. Stir in the basil leaves, reserving a little for garnish.</p>\r\n\r\n<p>To serve, spoon the hot tagliatelle into a wide bowl, put the meatballs on top, pour over the tomato sauce, scatter with Parmesan and garnish with a little basil.</p>\r\n\r\n<p>(Source:&nbsp;<a href=\"https://www.bbc.co.uk/food/recipes/meatballs_with_cherry_34105\">Quick meatballs with cherry tomato sauce</a>)</p>", "image": "italian-meatballs-with-cherry-tomato-sauce.jpg", "image_credit": "https://www.taste.com.au/recipes/italian-meatballs-cherry-tomato-sauce/95e19da3-39cf-4fe1-b94b-71518e825790", "date": "2021-08-13T17:01:41.132Z", "date_posted": "2021-08-13T17:01:41Z", "date_edited": "2021-08-20T08:40:45.933Z", "recipe_box": null, "vote_count": 2, "mail_sent": true, "discount_code": "", "category": [2, 9, 11], "tag": [], "votes": [1, 12]}}, {"model": "recipes.recipe", "pk": 128, "fields": {"author": 1, "title": "Chicken, ginger and lemongrass fried rice", "intro": "This fast midweek meal doesn't scrimp on flavour. Packed with chilli, lemongrass and ginger, this healthy chicken fried rice dinner can be on the table in just 15 minutes.", "prep_time": "5 mins", "cook_time": "10 mins", "total_time": "15 mins", "servings": 4, "directions": "<p>Heat the oil in a wok or large frying pan over a high heat and add the chicken. Cook for about 5 mins, stirring occasionally, until golden and cooked through, then tip out onto a plate.</p>\r\n\r\n<p>Add the garlic, ginger, chilli and lemongrass to the wok. Fry for 1 min, then add the stir-fry pepper pack and cook for 3 mins. Add the rice and cook for 1 min, stirring to break up any clumps, until it is piping hot.</p>\r\n\r\n<p>Return the chicken to the wok along with the soy and oyster sauces, sesame oil and mirin and cook for 1 min.</p>\r\n\r\n<p>Divide between bowls, scatter over the cashew nuts and coriander and serve with the lime wedges.</p>\r\n\r\n<p>(Source:&nbsp;<a href=\"https://realfood.tesco.com/recipes/chicken-ginger-and-lemongrass-fried-rice.html\">Chicken, ginger and lemongrass fried rice</a>)</p>", "image": "chicken-ginger-lemongrass-fried-rice.jpg", "image_credit": "https://realfood.tesco.com/recipes/chicken-ginger-and-lemongrass-fried-rice.html", "date": "2021-08-13T17:19:35.957Z", "date_posted": "2021-08-13T17:19:35Z", "date_edited": "2021-08-21T13:51:32.714Z", "recipe_box": null, "vote_count": 2, "mail_sent": true, "discount_code": "", "category": [1, 8, 11, 12], "tag": [2, 6], "votes": [1, 5]}}, {"model": "recipes.ingredient", "pk": 93, "fields": {"quantity": 6.0, "unit": "whole", "name": "tomatoes", "preparation": "quartered", "recipe": 49}}, {"model": "recipes.ingredient", "pk": 94, "fields": {"quantity": 1.0, "unit": "whole", "name": "cucumber", "preparation": "peeled and sliced", "recipe": 49}}, {"model": "recipes.ingredient", "pk": 95, "fields": {"quantity": 200.0, "unit": "g", "name": "broad beans", "preparation": "fresh", "recipe": 49}}, {"model": "recipes.ingredient", "pk": 96, "fields": {"quantity": 2.0, "unit": "whole", "name": "green peppers", "preparation": "sliced", "recipe": 49}}, {"model": "recipes.ingredient", "pk": 97, "fields": {"quantity": 6.0, "unit": "whole", "name": "spring onions", "preparation": "sliced lengthwise", "recipe": 49}}, {"model": "recipes.ingredient", "pk": 98, "fields": {"quantity": 6.0, "unit": "leaves", "name": "basil", "preparation": "fresh", "recipe": 49}}, {"model": "recipes.ingredient", "pk": 99, "fields": {"quantity": 1.0, "unit": "clove", "name": "garlic", "preparation": "halved", "recipe": 49}}, {"model": "recipes.ingredient", "pk": 100, "fields": {"quantity": 3.0, "unit": "whole", "name": "eggs", "preparation": "hard-boiled", "recipe": 49}}, {"model": "recipes.ingredient", "pk": 101, "fields": {"quantity": 12.0, "unit": "fillets", "name": "anchovies", "preparation": "sliced lengthwise", "recipe": 49}}, {"model": "recipes.ingredient", "pk": 102, "fields": {"quantity": 100.0, "unit": "g", "name": "black Niçois olives", "preparation": "whole", "recipe": 49}}, {"model": "recipes.ingredient", "pk": 103, "fields": {"quantity": 6.0, "unit": "tbsp", "name": "olive oil", "preparation": "", "recipe": 49}}, {"model": "recipes.ingredient", "pk": 201, "fields": {"quantity": 750.0, "unit": "g", "name": "chicken thigh fillets", "preparation": "boneless and skinless", "recipe": 113}}, {"model": "recipes.ingredient", "pk": 202, "fields": {"quantity": 3.0, "unit": "cloves", "name": "garlic", "preparation": "chopped", "recipe": 113}}, {"model": "recipes.ingredient", "pk": 203, "fields": {"quantity": 85.0, "unit": "ml", "name": "soy sauce", "preparation": "", "recipe": 113}}, {"model": "recipes.ingredient", "pk": 204, "fields": {"quantity": 85.0, "unit": "ml", "name": "white vinegar + 2tbsp extra", "preparation": "", "recipe": 113}}, {"model": "recipes.ingredient", "pk": 205, "fields": {"quantity": 3.0, "unit": "whole", "name": "bay leaves", "preparation": "died", "recipe": 113}}, {"model": "recipes.ingredient", "pk": 206, "fields": {"quantity": 2.0, "unit": "tbsp", "name": "oil", "preparation": "", "recipe": 113}}, {"model": "recipes.ingredient", "pk": 207, "fields": {"quantity": 3.0, "unit": "cloves", "name": "garlic", "preparation": "chopped", "recipe": 113}}, {"model": "recipes.ingredient", "pk": 208, "fields": {"quantity": 1.0, "unit": "small", "name": "onion", "preparation": "chopped", "recipe": 113}}, {"model": "recipes.ingredient", "pk": 209, "fields": {"quantity": 375.0, "unit": "ml", "name": "water", "preparation": "", "recipe": 113}}, {"model": "recipes.ingredient", "pk": 210, "fields": {"quantity": 1.0, "unit": "tbsp", "name": "black peppercorns", "preparation": "whole", "recipe": 113}}, {"model": "recipes.ingredient", "pk": 211, "fields": {"quantity": 2.0, "unit": "whole", "name": "spring onions", "preparation": "sliced", "recipe": 113}}, {"model": "recipes.ingredient", "pk": 212, "fields": {"quantity": 320.0, "unit": "g", "name": "rice", "preparation": "", "recipe": 113}}, {"model": "recipes.ingredient", "pk": 213, "fields": {"quantity": 1.0, "unit": "whole", "name": "onion", "preparation": "chopped", "recipe": 114}}, {"model": "recipes.ingredient", "pk": 214, "fields": {"quantity": 1.0, "unit": "whole", "name": "carrot", "preparation": "grated", "recipe": 114}}, {"model": "recipes.ingredient", "pk": 215, "fields": {"quantity": 1.0, "unit": "stick", "name": "celery", "preparation": "sliced", "recipe": 114}}, {"model": "recipes.ingredient", "pk": 216, "fields": {"quantity": 6.0, "unit": "pieces", "name": "chicken", "preparation": "", "recipe": 114}}, {"model": "recipes.ingredient", "pk": 217, "fields": {"quantity": 4.0, "unit": "tbsp", "name": "frik (roasted barley)", "preparation": "", "recipe": 114}}, {"model": "recipes.ingredient", "pk": 218, "fields": {"quantity": 1.0, "unit": "bouquet", "name": "parsely", "preparation": "fresh, chopped", "recipe": 114}}, {"model": "recipes.ingredient", "pk": 219, "fields": {"quantity": 5.0, "unit": "cloves", "name": "garlic", "preparation": "chopped", "recipe": 114}}, {"model": "recipes.ingredient", "pk": 220, "fields": {"quantity": 1.0, "unit": "tbsp", "name": "olive oil", "preparation": "", "recipe": 114}}, {"model": "recipes.ingredient", "pk": 221, "fields": {"quantity": 1.5, "unit": "tbsp", "name": "tomato concentrate", "preparation": "", "recipe": 114}}, {"model": "recipes.ingredient", "pk": 222, "fields": {"quantity": 2.0, "unit": "tsp", "name": "chilli powder", "preparation": "", "recipe": 114}}, {"model": "recipes.ingredient", "pk": 223, "fields": {"quantity": 1.0, "unit": "tsp", "name": "tabel kerouia", "preparation": "", "recipe": 114}}, {"model": "recipes.ingredient", "pk": 224, "fields": {"quantity": 1.0, "unit": "tsp", "name": "turmeric", "preparation": "", "recipe": 114}}, {"model": "recipes.ingredient", "pk": 225, "fields": {"quantity": 1.0, "unit": "tsp", "name": "salt", "preparation": "", "recipe": 114}}, {"model": "recipes.ingredient", "pk": 226, "fields": {"quantity": 1.0, "unit": "tsp", "name": "pepper", "preparation": "", "recipe": 114}}, {"model": "recipes.ingredient", "pk": 227, "fields": {"quantity": 3.0, "unit": "whole", "name": "lemons", "preparation": "halved", "recipe": 114}}, {"model": "recipes.ingredient", "pk": 228, "fields": {"quantity": 250.0, "unit": "g", "name": "beef steak", "preparation": "fresh minced", "recipe": 115}}, {"model": "recipes.ingredient", "pk": 229, "fields": {"quantity": 2.0, "unit": "pieces", "name": "sourdough burger buns", "preparation": "", "recipe": 115}}, {"model": "recipes.ingredient", "pk": 230, "fields": {"quantity": 200.0, "unit": "g", "name": "potatoes", "preparation": "peeled", "recipe": 115}}, {"model": "recipes.ingredient", "pk": 231, "fields": {"quantity": 2.0, "unit": "slices", "name": "streaky bacon", "preparation": "", "recipe": 115}}, {"model": "recipes.ingredient", "pk": 232, "fields": {"quantity": 2.0, "unit": "whole", "name": "jalapeno peppers", "preparation": "sliced", "recipe": 115}}, {"model": "recipes.ingredient", "pk": 233, "fields": {"quantity": 1.0, "unit": "whole", "name": "button mushroom", "preparation": "sliced", "recipe": 115}}, {"model": "recipes.ingredient", "pk": 234, "fields": {"quantity": 1.0, "unit": "whole", "name": "shallot", "preparation": "sliced", "recipe": 115}}, {"model": "recipes.ingredient", "pk": 235, "fields": {"quantity": 2.0, "unit": "tbsp", "name": "chipotle mayonnaise", "preparation": "", "recipe": 115}}, {"model": "recipes.ingredient", "pk": 236, "fields": {"quantity": 2.0, "unit": "slices", "name": "horesradich cheddar cheese", "preparation": "", "recipe": 115}}, {"model": "recipes.ingredient", "pk": 237, "fields": {"quantity": 500.0, "unit": "g", "name": "sirloin steak", "preparation": "sliced", "recipe": 116}}, {"model": "recipes.ingredient", "pk": 238, "fields": {"quantity": 0.75, "unit": "ts", "name": "salt", "preparation": "", "recipe": 116}}, {"model": "recipes.ingredient", "pk": 239, "fields": {"quantity": 0.5, "unit": "tsp", "name": "ground pepper", "preparation": "fresh", "recipe": 116}}, {"model": "recipes.ingredient", "pk": 240, "fields": {"quantity": 2.0, "unit": "tbsp", "name": "olive oil", "preparation": "", "recipe": 116}}, {"model": "recipes.ingredient", "pk": 241, "fields": {"quantity": 1.0, "unit": "whole", "name": "onion", "preparation": "medium chopped", "recipe": 116}}, {"model": "recipes.ingredient", "pk": 242, "fields": {"quantity": 2.0, "unit": "whole", "name": "serrano peppers", "preparation": "sliced", "recipe": 116}}, {"model": "recipes.ingredient", "pk": 243, "fields": {"quantity": 2.0, "unit": "cloves", "name": "garlic", "preparation": "chopped", "recipe": 116}}, {"model": "recipes.ingredient", "pk": 244, "fields": {"quantity": 4.0, "unit": "medium", "name": "tomatoes", "preparation": "chopped", "recipe": 116}}, {"model": "recipes.ingredient", "pk": 245, "fields": {"quantity": 1.0, "unit": "tbsp", "name": "Maggi sauce", "preparation": "", "recipe": 116}}, {"model": "recipes.ingredient", "pk": 246, "fields": {"quantity": 120.0, "unit": "ml", "name": "water", "preparation": "", "recipe": 116}}, {"model": "recipes.ingredient", "pk": 247, "fields": {"quantity": 1.0, "unit": "tsp", "name": "oregano", "preparation": "dried", "recipe": 116}}, {"model": "recipes.ingredient", "pk": 248, "fields": {"quantity": 320.0, "unit": "g", "name": "rice", "preparation": "", "recipe": 116}}, {"model": "recipes.ingredient", "pk": 249, "fields": {"quantity": 240.0, "unit": "g", "name": "penne", "preparation": "", "recipe": 117}}, {"model": "recipes.ingredient", "pk": 250, "fields": {"quantity": 2.0, "unit": "tbsp", "name": "lemon juice", "preparation": "", "recipe": 117}}, {"model": "recipes.ingredient", "pk": 251, "fields": {"quantity": 0.5, "unit": "tbsp", "name": "olive oil", "preparation": "", "recipe": 117}}, {"model": "recipes.ingredient", "pk": 252, "fields": {"quantity": 3.0, "unit": "cloves", "name": "garlic", "preparation": "chopped", "recipe": 117}}, {"model": "recipes.ingredient", "pk": 253, "fields": {"quantity": 2.0, "unit": "whole", "name": "avocados", "preparation": "pitted ripe", "recipe": 117}}, {"model": "recipes.ingredient", "pk": 254, "fields": {"quantity": 20.0, "unit": "g", "name": "basil", "preparation": "fresh", "recipe": 117}}, {"model": "recipes.ingredient", "pk": 255, "fields": {"quantity": 20.0, "unit": "g", "name": "parsley", "preparation": "fresh", "recipe": 117}}, {"model": "recipes.ingredient", "pk": 256, "fields": {"quantity": 60.0, "unit": "ml", "name": "almond milk", "preparation": "", "recipe": 117}}, {"model": "recipes.ingredient", "pk": 257, "fields": {"quantity": 0.25, "unit": "tsp", "name": "salt", "preparation": "", "recipe": 117}}, {"model": "recipes.ingredient", "pk": 258, "fields": {"quantity": 0.25, "unit": "tsp", "name": "ground pepper", "preparation": "", "recipe": 117}}, {"model": "recipes.ingredient", "pk": 259, "fields": {"quantity": 0.25, "unit": "tsp", "name": "chilli powder", "preparation": "", "recipe": 117}}, {"model": "recipes.ingredient", "pk": 260, "fields": {"quantity": 20.0, "unit": "whole", "name": "cherry tomatoes", "preparation": "halved", "recipe": 117}}, {"model": "recipes.ingredient", "pk": 261, "fields": {"quantity": 0.25, "unit": "cup", "name": "vegan butter", "preparation": "", "recipe": 118}}, {"model": "recipes.ingredient", "pk": 262, "fields": {"quantity": 0.75, "unit": "cup", "name": "almond milk", "preparation": "", "recipe": 118}}, {"model": "recipes.ingredient", "pk": 263, "fields": {"quantity": 0.33, "unit": "cup", "name": "cayenne pepper sauce + more for dressing tacos", "preparation": "", "recipe": 118}}, {"model": "recipes.ingredient", "pk": 264, "fields": {"quantity": 0.5, "unit": "tbsp", "name": "maple syrup", "preparation": "", "recipe": 118}}, {"model": "recipes.ingredient", "pk": 265, "fields": {"quantity": 0.5, "unit": "tsp", "name": "garlic powder", "preparation": "", "recipe": 118}}, {"model": "recipes.ingredient", "pk": 266, "fields": {"quantity": 0.5, "unit": "tsp", "name": "paprika", "preparation": "", "recipe": 118}}, {"model": "recipes.ingredient", "pk": 267, "fields": {"quantity": 0.75, "unit": "cup", "name": "all-purpose flour", "preparation": "", "recipe": 118}}, {"model": "recipes.ingredient", "pk": 268, "fields": {"quantity": 1.0, "unit": "cup", "name": "breadcrumbs", "preparation": "", "recipe": 118}}, {"model": "recipes.ingredient", "pk": 269, "fields": {"quantity": 1.0, "unit": "large", "name": "cauliflower", "preparation": "chunked", "recipe": 118}}, {"model": "recipes.ingredient", "pk": 270, "fields": {"quantity": 8.0, "unit": "individual", "name": "corn tortillas", "preparation": "", "recipe": 118}}, {"model": "recipes.ingredient", "pk": 271, "fields": {"quantity": 0.5, "unit": "cup", "name": "spring onions", "preparation": "sliced", "recipe": 118}}, {"model": "recipes.ingredient", "pk": 272, "fields": {"quantity": 0.75, "unit": "cup", "name": "red cabbage", "preparation": "chopped", "recipe": 118}}, {"model": "recipes.ingredient", "pk": 273, "fields": {"quantity": 2.0, "unit": "whole", "name": "duck breasts", "preparation": "", "recipe": 119}}, {"model": "recipes.ingredient", "pk": 274, "fields": {"quantity": 2.0, "unit": "tbsp", "name": "crème fraiche", "preparation": "", "recipe": 119}}, {"model": "recipes.ingredient", "pk": 275, "fields": {"quantity": 1.0, "unit": "clove", "name": "garlic", "preparation": "chopped", "recipe": 119}}, {"model": "recipes.ingredient", "pk": 276, "fields": {"quantity": 2.0, "unit": "tbsp", "name": "caster sugar", "preparation": "", "recipe": 119}}, {"model": "recipes.ingredient", "pk": 277, "fields": {"quantity": 20.0, "unit": "g", "name": "coriander", "preparation": "fresh", "recipe": 119}}, {"model": "recipes.ingredient", "pk": 278, "fields": {"quantity": 1.0, "unit": "tbsp", "name": "balsamic vinegar", "preparation": "", "recipe": 119}}, {"model": "recipes.ingredient", "pk": 279, "fields": {"quantity": 1.0, "unit": "whole", "name": "red chilli pepper", "preparation": "finely chopped", "recipe": 119}}, {"model": "recipes.ingredient", "pk": 280, "fields": {"quantity": 6.0, "unit": "whole", "name": "cherry tomatoes", "preparation": "halved", "recipe": 119}}, {"model": "recipes.ingredient", "pk": 281, "fields": {"quantity": 40.0, "unit": "g", "name": "butter", "preparation": "", "recipe": 120}}, {"model": "recipes.ingredient", "pk": 282, "fields": {"quantity": 1.0, "unit": "whole", "name": "onion", "preparation": "chopped", "recipe": 120}}, {"model": "recipes.ingredient", "pk": 283, "fields": {"quantity": 350.0, "unit": "g", "name": "Jerusalem artichokes", "preparation": "scrubbed and sliced", "recipe": 120}}, {"model": "recipes.ingredient", "pk": 284, "fields": {"quantity": 575.0, "unit": "ml", "name": "vegetable stock", "preparation": "", "recipe": 120}}, {"model": "recipes.ingredient", "pk": 285, "fields": {"quantity": 175.0, "unit": "g", "name": "baby spinach leaves", "preparation": "fresh", "recipe": 120}}, {"model": "recipes.ingredient", "pk": 286, "fields": {"quantity": 300.0, "unit": "ml", "name": "milk", "preparation": "", "recipe": 120}}, {"model": "recipes.ingredient", "pk": 287, "fields": {"quantity": 80.0, "unit": "g", "name": "hazelnuts", "preparation": "slivered", "recipe": 120}}, {"model": "recipes.ingredient", "pk": 288, "fields": {"quantity": 0.5, "unit": "whole", "name": "nutmeg", "preparation": "grated", "recipe": 120}}, {"model": "recipes.ingredient", "pk": 289, "fields": {"quantity": 400.0, "unit": "g", "name": "potatoes", "preparation": "cubed", "recipe": 121}}, {"model": "recipes.ingredient", "pk": 290, "fields": {"quantity": 0.5, "unit": "tsp", "name": "turmeric", "preparation": "", "recipe": 121}}, {"model": "recipes.ingredient", "pk": 291, "fields": {"quantity": 1.0, "unit": "tbsp", "name": "butter", "preparation": "", "recipe": 121}}, {"model": "recipes.ingredient", "pk": 292, "fields": {"quantity": 1.0, "unit": "tbsp", "name": "milk", "preparation": "", "recipe": 121}}, {"model": "recipes.ingredient", "pk": 293, "fields": {"quantity": 1.0, "unit": "tbsp", "name": "olive oil", "preparation": "", "recipe": 121}}, {"model": "recipes.ingredient", "pk": 294, "fields": {"quantity": 2.0, "unit": "whole", "name": "shallots", "preparation": "peeled and chopped", "recipe": 121}}, {"model": "recipes.ingredient", "pk": 295, "fields": {"quantity": 3.0, "unit": "cloves", "name": "garlic", "preparation": "chopped", "recipe": 121}}, {"model": "recipes.ingredient", "pk": 296, "fields": {"quantity": 400.0, "unit": "g", "name": "lamb", "preparation": "minced", "recipe": 121}}, {"model": "recipes.ingredient", "pk": 297, "fields": {"quantity": 1.0, "unit": "tsp", "name": "ground cumin", "preparation": "", "recipe": 121}}, {"model": "recipes.ingredient", "pk": 298, "fields": {"quantity": 0.5, "unit": "tsp", "name": "ground ginger", "preparation": "", "recipe": 121}}, {"model": "recipes.ingredient", "pk": 299, "fields": {"quantity": 0.5, "unit": "tsp", "name": "ground cinnamon", "preparation": "", "recipe": 121}}, {"model": "recipes.ingredient", "pk": 300, "fields": {"quantity": 0.25, "unit": "tsp", "name": "crushed dried chilli", "preparation": "", "recipe": 121}}, {"model": "recipes.ingredient", "pk": 301, "fields": {"quantity": 70.0, "unit": "ml", "name": "red wine", "preparation": "", "recipe": 121}}, {"model": "recipes.ingredient", "pk": 302, "fields": {"quantity": 2.0, "unit": "tbsp", "name": "tomato purée", "preparation": "", "recipe": 121}}, {"model": "recipes.ingredient", "pk": 303, "fields": {"quantity": 40.0, "unit": "g", "name": "green olives", "preparation": "pitted, halved", "recipe": 121}}, {"model": "recipes.ingredient", "pk": 304, "fields": {"quantity": 3.0, "unit": "tbsp", "name": "coriander", "preparation": "chopped", "recipe": 121}}, {"model": "recipes.ingredient", "pk": 305, "fields": {"quantity": 1.0, "unit": "slice", "name": "white bread", "preparation": "", "recipe": 121}}, {"model": "recipes.ingredient", "pk": 306, "fields": {"quantity": 1.0, "unit": "whole", "name": "green pepper", "preparation": "", "recipe": 122}}, {"model": "recipes.ingredient", "pk": 307, "fields": {"quantity": 1.0, "unit": "whole", "name": "red pepper", "preparation": "", "recipe": 122}}, {"model": "recipes.ingredient", "pk": 308, "fields": {"quantity": 1.0, "unit": "whole", "name": "yellow pepper", "preparation": "", "recipe": 122}}, {"model": "recipes.ingredient", "pk": 309, "fields": {"quantity": 0.5, "unit": "bunch", "name": "flat leaved parsley", "preparation": "chopped", "recipe": 122}}, {"model": "recipes.ingredient", "pk": 310, "fields": {"quantity": 1.0, "unit": "clove", "name": "garlic", "preparation": "chopped", "recipe": 122}}, {"model": "recipes.ingredient", "pk": 311, "fields": {"quantity": 1.0, "unit": "bag", "name": "mixed salad", "preparation": "", "recipe": 122}}, {"model": "recipes.ingredient", "pk": 312, "fields": {"quantity": 2.0, "unit": "pieces", "name": "rib eye steaks (200g each)", "preparation": "", "recipe": 122}}, {"model": "recipes.ingredient", "pk": 313, "fields": {"quantity": 2.0, "unit": "tsp", "name": "sea salt", "preparation": "", "recipe": 122}}, {"model": "recipes.ingredient", "pk": 314, "fields": {"quantity": 2.0, "unit": "tsp", "name": "freshly ground black pepper", "preparation": "", "recipe": 122}}, {"model": "recipes.ingredient", "pk": 315, "fields": {"quantity": 2.0, "unit": "tsp", "name": "oregano", "preparation": "dried", "recipe": 122}}, {"model": "recipes.ingredient", "pk": 316, "fields": {"quantity": 4.0, "unit": "fillets", "name": "cod or haddock fillets (170g each)", "preparation": "", "recipe": 123}}, {"model": "recipes.ingredient", "pk": 317, "fields": {"quantity": 50.0, "unit": "g", "name": "plain flour", "preparation": "", "recipe": 123}}, {"model": "recipes.ingredient", "pk": 318, "fields": {"quantity": 330.0, "unit": "ml", "name": "lager", "preparation": "", "recipe": 123}}, {"model": "recipes.ingredient", "pk": 319, "fields": {"quantity": 160.0, "unit": "g", "name": "self-raising flour", "preparation": "", "recipe": 123}}, {"model": "recipes.ingredient", "pk": 320, "fields": {"quantity": 0.5, "unit": "tsp", "name": "chilli powder", "preparation": "", "recipe": 123}}, {"model": "recipes.ingredient", "pk": 321, "fields": {"quantity": 0.5, "unit": "tsp", "name": "soy sauce", "preparation": "", "recipe": 123}}, {"model": "recipes.ingredient", "pk": 322, "fields": {"quantity": 50.0, "unit": "g", "name": "unsalted butter", "preparation": "", "recipe": 123}}, {"model": "recipes.ingredient", "pk": 323, "fields": {"quantity": 1.0, "unit": "whole", "name": "onion", "preparation": "chopped", "recipe": 123}}, {"model": "recipes.ingredient", "pk": 324, "fields": {"quantity": 500.0, "unit": "g", "name": "peas", "preparation": "fresh or frozen", "recipe": 123}}, {"model": "recipes.ingredient", "pk": 325, "fields": {"quantity": 100.0, "unit": "ml", "name": "vegetable stock", "preparation": "", "recipe": 123}}, {"model": "recipes.ingredient", "pk": 326, "fields": {"quantity": 10.0, "unit": "g", "name": "mint", "preparation": "fresh chopped", "recipe": 123}}, {"model": "recipes.ingredient", "pk": 327, "fields": {"quantity": 1.0, "unit": "kg", "name": "potatoes for chipping", "preparation": "", "recipe": 123}}, {"model": "recipes.ingredient", "pk": 328, "fields": {"quantity": 1.0, "unit": "stick", "name": "cinnamon", "preparation": "", "recipe": 124}}, {"model": "recipes.ingredient", "pk": 329, "fields": {"quantity": 2.0, "unit": "strips", "name": "orange zest", "preparation": "5cm long", "recipe": 124}}, {"model": "recipes.ingredient", "pk": 330, "fields": {"quantity": 1.0, "unit": "whole", "name": "bay leaf", "preparation": "dried", "recipe": 124}}, {"model": "recipes.ingredient", "pk": 331, "fields": {"quantity": 2.0, "unit": "sprigs", "name": "thyme", "preparation": "fresh", "recipe": 124}}, {"model": "recipes.ingredient", "pk": 332, "fields": {"quantity": 4.0, "unit": "sprigs", "name": "flat-leaved parsley", "preparation": "fresh", "recipe": 124}}, {"model": "recipes.ingredient", "pk": 333, "fields": {"quantity": 1.0, "unit": "tsp", "name": "black peppercorns", "preparation": "whole", "recipe": 124}}, {"model": "recipes.ingredient", "pk": 334, "fields": {"quantity": 3.0, "unit": "whole", "name": "cloves", "preparation": "", "recipe": 124}}, {"model": "recipes.ingredient", "pk": 335, "fields": {"quantity": 1.0, "unit": "stalk", "name": "celery", "preparation": "chopped", "recipe": 124}}, {"model": "recipes.ingredient", "pk": 336, "fields": {"quantity": 3.0, "unit": "whole", "name": "onions", "preparation": "ringed", "recipe": 124}}, {"model": "recipes.ingredient", "pk": 337, "fields": {"quantity": 3.0, "unit": "cloves", "name": "garlic", "preparation": "chopped", "recipe": 124}}, {"model": "recipes.ingredient", "pk": 338, "fields": {"quantity": 3.0, "unit": "whole", "name": "carrots", "preparation": "sliced thickly", "recipe": 124}}, {"model": "recipes.ingredient", "pk": 339, "fields": {"quantity": 1.5, "unit": "kg", "name": "braising steak", "preparation": "cubed", "recipe": 124}}, {"model": "recipes.ingredient", "pk": 340, "fields": {"quantity": 250.0, "unit": "g", "name": "lardons", "preparation": "", "recipe": 124}}, {"model": "recipes.ingredient", "pk": 341, "fields": {"quantity": 1.0, "unit": "bottle", "name": "red wine", "preparation": "", "recipe": 124}}, {"model": "recipes.ingredient", "pk": 342, "fields": {"quantity": 60.0, "unit": "ml", "name": "cognac", "preparation": "", "recipe": 124}}, {"model": "recipes.ingredient", "pk": 343, "fields": {"quantity": 0.33, "unit": "cup", "name": "all purpose flour", "preparation": "", "recipe": 124}}, {"model": "recipes.ingredient", "pk": 344, "fields": {"quantity": 0.25, "unit": "cup", "name": "olive oil", "preparation": "", "recipe": 124}}, {"model": "recipes.ingredient", "pk": 345, "fields": {"quantity": 0.75, "unit": "cup", "name": "beef stock", "preparation": "", "recipe": 124}}, {"model": "recipes.ingredient", "pk": 346, "fields": {"quantity": 1.0, "unit": "tbsp", "name": "tomato purée", "preparation": "", "recipe": 124}}, {"model": "recipes.ingredient", "pk": 347, "fields": {"quantity": 0.75, "unit": "cup", "name": "small Niçois olives", "preparation": "unpitted", "recipe": 124}}, {"model": "recipes.ingredient", "pk": 348, "fields": {"quantity": 0.5, "unit": "tsp", "name": "salt", "preparation": "", "recipe": 124}}, {"model": "recipes.ingredient", "pk": 349, "fields": {"quantity": 650.0, "unit": "g", "name": "rice", "preparation": "", "recipe": 124}}, {"model": "recipes.ingredient", "pk": 350, "fields": {"quantity": 0.5, "unit": "bunch", "name": "flat-leaved parsley", "preparation": "fresh", "recipe": 124}}, {"model": "recipes.ingredient", "pk": 351, "fields": {"quantity": 1.0, "unit": "packet", "name": "pizza base", "preparation": "", "recipe": 125}}, {"model": "recipes.ingredient", "pk": 352, "fields": {"quantity": 0.5, "unit": "cup", "name": "tomato paste", "preparation": "", "recipe": 125}}, {"model": "recipes.ingredient", "pk": 353, "fields": {"quantity": 110.0, "unit": "g", "name": "mozzarella cheese", "preparation": "", "recipe": 125}}, {"model": "recipes.ingredient", "pk": 354, "fields": {"quantity": 50.0, "unit": "g", "name": "pepperoni", "preparation": "", "recipe": 125}}, {"model": "recipes.ingredient", "pk": 355, "fields": {"quantity": 0.25, "unit": "cup", "name": "olives", "preparation": "pitted", "recipe": 125}}, {"model": "recipes.ingredient", "pk": 356, "fields": {"quantity": 1.0, "unit": "tsp", "name": "parmesan cheese", "preparation": "grated", "recipe": 125}}, {"model": "recipes.ingredient", "pk": 357, "fields": {"quantity": 1.0, "unit": "tsp", "name": "basil", "preparation": "fresh", "recipe": 125}}, {"model": "recipes.ingredient", "pk": 358, "fields": {"quantity": 6.0, "unit": "whole", "name": "spring onions", "preparation": "sliced", "recipe": 126}}, {"model": "recipes.ingredient", "pk": 359, "fields": {"quantity": 3.0, "unit": "cloves", "name": "garlic", "preparation": "chopped", "recipe": 126}}, {"model": "recipes.ingredient", "pk": 360, "fields": {"quantity": 2.0, "unit": "tbsp", "name": "vegetable oil", "preparation": "", "recipe": 126}}, {"model": "recipes.ingredient", "pk": 361, "fields": {"quantity": 0.5, "unit": "can", "name": "chopped tomatoes", "preparation": "", "recipe": 126}}, {"model": "recipes.ingredient", "pk": 362, "fields": {"quantity": 2.0, "unit": "tbsp", "name": "curry powder", "preparation": "", "recipe": 126}}, {"model": "recipes.ingredient", "pk": 363, "fields": {"quantity": 1.0, "unit": "tsp", "name": "ground ginger", "preparation": "", "recipe": 126}}, {"model": "recipes.ingredient", "pk": 364, "fields": {"quantity": 400.0, "unit": "g", "name": "chicken thighs", "preparation": "boneless, skinless, chopped", "recipe": 126}}, {"model": "recipes.ingredient", "pk": 365, "fields": {"quantity": 100.0, "unit": "ml", "name": "Greek-style natural yoghurt + more to garnish", "preparation": "", "recipe": 126}}, {"model": "recipes.ingredient", "pk": 366, "fields": {"quantity": 240.0, "unit": "g", "name": "rice", "preparation": "", "recipe": 126}}, {"model": "recipes.ingredient", "pk": 367, "fields": {"quantity": 200.0, "unit": "g", "name": "beef mince", "preparation": "fresh", "recipe": 127}}, {"model": "recipes.ingredient", "pk": 368, "fields": {"quantity": 0.5, "unit": "tsp", "name": "thyme", "preparation": "fresh", "recipe": 127}}, {"model": "recipes.ingredient", "pk": 369, "fields": {"quantity": 2.0, "unit": "whole", "name": "spring onions", "preparation": "finely chopped", "recipe": 127}}, {"model": "recipes.ingredient", "pk": 370, "fields": {"quantity": 2.0, "unit": "tbsp", "name": "olive oil + 1 more", "preparation": "", "recipe": 127}}, {"model": "recipes.ingredient", "pk": 371, "fields": {"quantity": 2.0, "unit": "cloves", "name": "garlic", "preparation": "thinly sliced", "recipe": 127}}, {"model": "recipes.ingredient", "pk": 372, "fields": {"quantity": 0.25, "unit": "tsp", "name": "chilli powder or flakes", "preparation": "", "recipe": 127}}, {"model": "recipes.ingredient", "pk": 373, "fields": {"quantity": 400.0, "unit": "g", "name": "tin of tomatoes or fresh cherry tomatoes", "preparation": "", "recipe": 127}}, {"model": "recipes.ingredient", "pk": 374, "fields": {"quantity": 5.0, "unit": "leaves", "name": "basil", "preparation": "fresh, torn", "recipe": 127}}, {"model": "recipes.ingredient", "pk": 375, "fields": {"quantity": 200.0, "unit": "g", "name": "tagliatelle", "preparation": "fresh", "recipe": 127}}, {"model": "recipes.ingredient", "pk": 376, "fields": {"quantity": 1.0, "unit": "tsp", "name": "parmesan cheese", "preparation": "freshly grated", "recipe": 127}}, {"model": "recipes.ingredient", "pk": 377, "fields": {"quantity": 0.5, "unit": "tbsp", "name": "vegetable oil", "preparation": "", "recipe": 128}}, {"model": "recipes.ingredient", "pk": 378, "fields": {"quantity": 400.0, "unit": "g", "name": "chicken breast", "preparation": "thinly sliced", "recipe": 128}}, {"model": "recipes.ingredient", "pk": 379, "fields": {"quantity": 3.0, "unit": "cloves", "name": "garlic", "preparation": "finely chopped", "recipe": 128}}, {"model": "recipes.ingredient", "pk": 380, "fields": {"quantity": 3.0, "unit": "cm", "name": "ginger", "preparation": "peeled and finely chopped", "recipe": 128}}, {"model": "recipes.ingredient", "pk": 381, "fields": {"quantity": 1.0, "unit": "whole", "name": "red chilli", "preparation": "finely chopped", "recipe": 128}}, {"model": "recipes.ingredient", "pk": 382, "fields": {"quantity": 1.0, "unit": "stalk", "name": "lemongrass", "preparation": "finely chopped", "recipe": 128}}, {"model": "recipes.ingredient", "pk": 383, "fields": {"quantity": 320.0, "unit": "g", "name": "stir-fry pepper mix", "preparation": "packet", "recipe": 128}}, {"model": "recipes.ingredient", "pk": 384, "fields": {"quantity": 250.0, "unit": "g", "name": "cooked long-grain rice", "preparation": "pouch", "recipe": 128}}, {"model": "recipes.ingredient", "pk": 385, "fields": {"quantity": 2.0, "unit": "tbsp", "name": "soy sauce", "preparation": "", "recipe": 128}}, {"model": "recipes.ingredient", "pk": 386, "fields": {"quantity": 1.0, "unit": "tbsp", "name": "oyster sauce", "preparation": "", "recipe": 128}}, {"model": "recipes.ingredient", "pk": 387, "fields": {"quantity": 1.0, "unit": "tbsp", "name": "sesame oil", "preparation": "", "recipe": 128}}, {"model": "recipes.ingredient", "pk": 388, "fields": {"quantity": 1.0, "unit": "tbsp", "name": "mirin", "preparation": "", "recipe": 128}}, {"model": "recipes.ingredient", "pk": 389, "fields": {"quantity": 30.0, "unit": "g", "name": "cashew nuts", "preparation": "toasted and roughly chopped", "recipe": 128}}, {"model": "recipes.ingredient", "pk": 390, "fields": {"quantity": 20.0, "unit": "g", "name": "coriander", "preparation": "fresh torn", "recipe": 128}}, {"model": "recipes.ingredient", "pk": 391, "fields": {"quantity": 1.0, "unit": "whole", "name": "lime", "preparation": "cut into wedges", "recipe": 128}}]